game_id,hours_since_game_start,entry_lift
0,-0.5,-73.34210526315789
0,-0.25,6.815789473684205
0,0.0,-31.351351351351354
0,0.25,-30.648648648648646
0,0.5,-31.37837837837838
0,0.75,-1.9729729729729684
0,1.0,-18.0
0,1.25,-15.763157894736842
0,1.5,-45.578947368421055
0,1.75,-22.315789473684205
0,2.0,-13.0
0,2.25,-6.60526315789474
0,2.5,22.70270270270271
0,2.75,888.6486486486486
0,3.0,575.921052631579
0,3.25,196.54054054054055
0,3.5,44.91891891891892
0,3.75,-61.0
0,4.0,-73.45945945945945
0,4.25,-71.54054054054055
0,4.5,-11.351351351351354
0,4.75,-1.9189189189189193
0,5.0,1.1081081081081052
0,5.25,12.91891891891892
0,5.5,-10.18918918918919
0,5.75,-4.27027027027027
0,6.0,-11.405405405405407
2,-0.5,-35.68421052631578
2,-0.25,2.9459459459459367
2,0.0,-1.567567567567579
2,0.25,-33.15789473684211
2,0.5,-41.71052631578948
2,0.75,-31.324324324324323
2,1.0,-19.684210526315795
2,1.25,-25.0
2,1.5,-13.594594594594597
2,1.75,-21.026315789473685
2,2.0,14.078947368421055
2,2.25,26.91891891891892
2,2.5,500.5405405405405
2,2.75,807.0270270270271
2,3.0,157.1081081081081
2,3.25,13.486486486486484
2,3.5,315.13157894736844
2,3.75,-15.92105263157896
2,4.0,-80.10526315789474
2,4.25,-204.94736842105266
2,4.5,-112.43243243243242
2,4.75,-2.432432432432435
2,5.0,-3.189189189189193
2,5.25,-24.16216216216216
2,5.5,78.24324324324324
2,5.75,-9.324324324324325
2,6.0,-17.88888888888889
3,-0.5,-37.69387755102042
3,-0.25,-13.102040816326536
3,0.0,-38.0204081632653
3,0.25,11.020408163265301
3,0.5,-16.469387755102048
3,0.75,-25.448979591836732
3,1.0,27.959183673469383
3,1.25,18.34693877551021
3,1.5,19.693877551020407
3,1.75,16.448979591836732
3,2.0,-18.183673469387756
3,2.25,32.69387755102041
3,2.5,70.9591836734694
3,2.75,859.9183673469388
3,3.0,1252.7551020408164
3,3.25,224.9795918367347
3,3.5,140.16326530612247
3,3.75,17.0
3,4.0,31.734693877551024
3,4.25,44.40816326530612
3,4.5,27.693877551020407
3,4.75,7.142857142857142
3,5.0,-13.285714285714285
3,5.25,3.63265306122449
3,5.5,0.5714285714285712
3,5.75,-0.18367346938775508
3,6.0,0.6888888888888889
4,-0.5,-4.4883720930232585
4,-0.25,-34.69767441860466
4,0.0,-18.209302325581405
4,0.25,-12.209302325581405
4,0.5,-43.209302325581405
4,0.75,-7.162790697674424
4,1.0,30.139534883720927
4,1.25,-9.465116279069761
4,1.5,42.74418604651163
4,1.75,-7.116279069767444
4,2.0,26.906976744186053
4,2.25,127.88372093023256
4,2.5,1459.0232558139535
4,2.75,907.5581395348837
4,3.0,341.3953488372093
4,3.25,137.95348837209303
4,3.5,118.51162790697674
4,3.75,2.279069767441854
4,4.0,-54.04651162790698
4,4.25,-52.86046511627907
4,4.5,16.674418604651166
4,4.75,23.441860465116278
4,5.0,1.6511627906976756
4,5.25,-9.837209302325583
4,5.5,-24.5
4,5.75,-4.186046511627907
4,6.0,0.20930232558139528
5,-0.5,-1.0204081632653015
5,-0.25,2.0204081632653015
5,0.0,6.530612244897952
5,0.25,43.55102040816327
5,0.5,24.959183673469383
5,0.75,45.34693877551021
5,1.0,25.693877551020407
5,1.25,31.448979591836732
5,1.5,-23.183673469387756
5,1.75,42.69387755102041
5,2.0,51.95918367346939
5,2.25,156.91836734693877
5,2.5,277.7551020408163
5,2.75,406.9795918367347
5,3.0,1498.1632653061224
5,3.25,195.0
5,3.5,60.734693877551024
5,3.75,80.40816326530611
5,4.0,85.6938775510204
5,4.25,47.14285714285714
5,4.5,13.714285714285715
5,4.75,15.63265306122449
5,5.0,18.57142857142857
5,5.25,25.816326530612244
5,5.5,0.6888888888888889
5,5.75,-1.1136363636363635
6,-0.5,-24.48837209302326
6,-0.25,-25.697674418604663
6,0.0,-1.2093023255814046
6,0.25,0.7906976744185954
6,0.5,-35.209302325581405
6,0.75,10.837209302325576
6,1.0,3.139534883720927
6,1.25,-24.46511627906976
6,1.5,2.7441860465116292
6,1.75,29.883720930232556
6,2.0,-7.0930232558139465
6,2.25,53.883720930232556
6,2.5,216.02325581395348
6,2.75,1651.5581395348838
6,3.0,322.3953488372093
6,3.25,106.95348837209302
6,3.5,65.51162790697674
6,3.75,-24.720930232558146
6,4.0,-31.04651162790698
6,4.25,-42.86046511627907
6,4.5,-5.325581395348834
6,4.75,-6.558139534883722
6,5.0,2.6511627906976756
6,5.25,-8.837209302325583
6,5.5,-23.5
6,5.75,-5.186046511627907
6,6.0,4.209302325581396
7,-0.5,9.054054054054049
7,-0.25,-17.315789473684212
7,0.0,-13.15789473684211
7,0.25,-10.648648648648646
7,0.5,-29.973684210526315
7,0.75,5.631578947368411
7,1.0,-41.243243243243256
7,1.25,-33.29729729729729
7,1.5,4.236842105263165
7,1.75,16.026315789473685
7,2.0,-40.973684210526315
7,2.25,-22.5
7,2.5,279.8157894736842
7,2.75,891.7631578947369
7,3.0,334.42105263157896
7,3.25,129.32432432432432
7,3.5,95.16216216216216
7,3.75,59.815789473684205
7,4.0,55.71052631578948
7,4.25,40.513513513513516
7,4.5,4.13513513513513
7,4.75,-26.71052631578948
7,5.0,-23.184210526315795
7,5.25,18.0
7,5.5,-59.34210526315789
7,5.75,11.815789473684205
7,6.0,0.6486486486486456
8,-0.5,-26.07692307692308
8,-0.25,6.365384615384613
8,0.0,-13.92307692307692
8,0.25,-25.09615384615384
8,0.5,-13.884615384615387
8,0.75,-17.807692307692307
8,1.0,-5.25
8,1.25,-27.269230769230774
8,1.5,16.153846153846153
8,1.75,27.846153846153847
8,2.0,-27.519230769230766
8,2.25,-13.211538461538467
8,2.5,17.538461538461533
8,2.75,1293.25
8,3.0,812.5576923076923
8,3.25,49.05769230769231
8,3.5,-9.923076923076934
8,3.75,15.92307692307692
8,4.0,27.173076923076923
8,4.25,24.26923076923077
8,4.5,3.1538461538461533
8,4.75,-12.75
8,5.0,-0.4038461538461533
8,5.5,-0.2857142857142858
8,5.75,0.30000000000000004
8,6.0,-1.1428571428571428
9,-0.5,-29.48837209302326
9,-0.25,-45.69767441860466
9,0.0,-24.209302325581405
9,0.25,2.7906976744185954
9,0.5,-8.209302325581405
9,0.75,-10.162790697674424
9,1.0,-2.860465116279073
9,1.25,-25.46511627906976
9,1.5,3.7441860465116292
9,1.75,43.883720930232556
9,2.0,0.9069767441860535
9,2.25,72.88372093023256
9,2.5,589.0232558139535
9,2.75,1584.5581395348838
9,3.0,312.3953488372093
9,3.25,107.95348837209302
9,3.5,36.51162790697674
9,3.75,12.279069767441854
9,4.0,-46.04651162790698
9,4.25,-74.86046511627907
9,4.5,-37.325581395348834
9,4.75,9.441860465116278
9,5.0,-0.3488372093023244
9,5.25,-5.837209302325583
9,5.5,-23.5
9,5.75,-5.186046511627907
9,6.0,-0.7906976744186047
10,-0.5,-30.94594594594595
10,-0.25,8.684210526315788
10,0.0,-8.15789473684211
10,0.25,-26.648648648648646
10,0.5,-19.973684210526315
10,0.75,18.63157894736841
10,1.0,-65.24324324324326
10,1.25,-43.29729729729729
10,1.5,-31.763157894736835
10,1.75,6.026315789473685
10,2.0,-27.973684210526315
10,2.25,10.5
10,2.5,467.8157894736842
10,2.75,878.7631578947369
10,3.0,228.42105263157896
10,3.25,110.32432432432432
10,3.5,44.16216216216216
10,3.75,44.815789473684205
10,4.0,55.71052631578948
10,4.25,67.51351351351352
10,4.5,8.13513513513513
10,4.75,10.28947368421052
10,5.0,-41.184210526315795
10,5.25,9.0
10,5.5,-35.34210526315789
10,5.75,10.815789473684205
10,6.0,-47.351351351351354
11,-0.5,24.51162790697674
11,-0.25,-10.697674418604663
11,0.0,-16.209302325581405
11,0.25,-22.209302325581405
11,0.5,-24.209302325581405
11,0.75,-12.162790697674424
11,1.0,14.139534883720927
11,1.25,-10.465116279069761
11,1.5,11.74418604651163
11,1.75,34.883720930232556
11,2.0,19.906976744186053
11,2.25,392.8837209302326
11,2.5,1663.0232558139535
11,2.75,456.5581395348837
11,3.0,111.3953488372093
11,3.25,85.95348837209302
11,3.5,28.51162790697674
11,3.75,-34.720930232558146
11,4.0,-67.04651162790698
11,4.25,-80.86046511627907
11,4.5,-28.325581395348834
11,4.75,6.441860465116278
11,5.0,-4.348837209302324
11,5.25,-13.837209302325583
11,5.5,-25.5
11,5.75,-6.186046511627907
11,6.0,1.2093023255813953
12,-0.5,14.054054054054049
12,-0.25,20.684210526315788
12,0.0,6.84210526315789
12,0.25,-20.648648648648646
12,0.5,-16.973684210526315
12,0.75,27.63157894736841
12,1.0,-54.243243243243256
12,1.25,-1.2972972972972912
12,1.5,-7.763157894736835
12,1.75,12.026315789473685
12,2.0,2.026315789473685
12,2.25,50.5
12,2.5,247.81578947368422
12,2.75,1271.7631578947369
12,3.0,484.42105263157896
12,3.25,156.32432432432432
12,3.5,66.16216216216216
12,3.75,77.8157894736842
12,4.0,42.71052631578948
12,4.25,72.51351351351352
12,4.5,47.13513513513513
12,4.75,35.28947368421052
12,5.0,13.815789473684205
12,5.25,74.0
12,5.5,-17.34210526315789
12,5.75,56.815789473684205
12,6.0,71.64864864864865
13,-0.5,29.75
13,-0.25,10.711538461538453
13,0.0,11.80769230769232
13,0.25,-11.115384615384613
13,0.5,-7.788461538461533
13,0.75,27.942307692307693
13,1.0,41.92307692307692
13,1.25,17.557692307692307
13,1.5,14.057692307692307
13,1.75,52.92307692307692
13,2.0,10.42307692307692
13,2.25,55.32692307692308
13,2.5,80.57692307692308
13,2.75,90.92307692307692
13,3.0,1539.3076923076924
13,3.25,801.156862745098
13,3.5,135.40384615384616
13,3.75,70.48076923076923
13,4.0,53.92307692307692
13,4.25,61.53846153846154
13,4.5,36.480769230769226
13,4.75,29.92156862745098
13,5.0,19.647058823529413
13,5.25,16.294117647058826
13,5.5,2.196078431372549
13,5.75,0.7777777777777777
13,6.0,2.4680851063829787
14,-0.5,14.484848484848499
14,-0.25,37.727272727272734
14,0.0,-1.6969696969697026
14,0.25,10.333333333333329
14,0.5,36.60606060606061
14,0.75,20.96969696969697
14,1.0,10.060606060606062
14,1.25,42.39393939393939
14,1.5,12.333333333333336
14,1.75,42.727272727272734
14,2.0,4.606060606060609
14,2.25,4.666666666666671
14,2.5,79.54545454545455
14,2.75,75.36363636363636
14,3.0,831.1515151515151
14,3.25,1143.3939393939395
14,3.5,130.21212121212122
14,3.75,95.36363636363636
14,4.0,57.484848484848484
14,4.25,45.93939393939394
14,4.5,32.39393939393939
14,4.75,27.515151515151516
14,5.0,14.09090909090909
14,5.25,2.09375
14,5.5,0.6071428571428572
14,5.75,0.5517241379310345
15,-0.5,9.306122448979579
15,-0.25,19.897959183673464
15,0.0,15.979591836734699
15,0.25,15.020408163265301
15,0.5,24.530612244897952
15,0.75,19.551020408163268
15,1.0,25.959183673469383
15,1.25,38.34693877551021
15,1.5,16.693877551020407
15,1.75,41.44897959183673
15,2.0,5.816326530612244
15,2.25,41.69387755102041
15,2.5,902.9591836734694
15,2.75,1663.9183673469388
15,3.0,308.7551020408163
15,3.25,112.9795918367347
15,3.5,96.16326530612245
15,3.75,11.0
15,4.0,-27.265306122448976
15,4.25,44.40816326530612
15,4.5,34.69387755102041
15,4.75,16.142857142857142
15,5.0,-15.285714285714285
15,5.25,-0.36734693877551017
15,5.5,-2.428571428571429
15,5.75,-2.183673469387755
15,6.0,-0.3111111111111111
16,-0.5,22.51162790697674
16,-0.25,-10.697674418604663
16,0.0,11.790697674418595
16,0.25,4.790697674418595
16,0.5,36.790697674418595
16,0.75,42.837209302325576
16,1.0,47.13953488372093
16,1.25,20.53488372093024
16,1.5,19.74418604651163
16,1.75,38.883720930232556
16,2.0,44.90697674418605
16,2.25,238.88372093023256
16,2.5,1690.0232558139535
16,2.75,778.5581395348837
16,3.0,195.3953488372093
16,3.25,152.95348837209303
16,3.5,84.51162790697674
16,3.75,-24.720930232558146
16,4.0,-31.04651162790698
16,4.25,-63.86046511627907
16,4.5,-4.325581395348834
16,4.75,-7.558139534883722
16,5.0,0.6511627906976756
16,5.25,-1.8372093023255829
16,5.5,-26.5
16,5.75,2.8139534883720927
16,6.0,2.2093023255813953
17,-0.5,2.75
17,-0.25,28.711538461538453
17,0.0,49.80769230769232
17,0.25,12.884615384615387
17,0.5,8.211538461538467
17,0.75,21.942307692307693
17,1.0,39.92307692307692
17,1.25,14.557692307692307
17,1.5,10.057692307692307
17,1.75,87.92307692307692
17,2.0,73.42307692307692
17,2.25,223.3269230769231
17,2.5,645.5769230769231
17,2.75,1525.923076923077
17,3.0,252.30769230769232
17,3.25,51.15686274509804
17,3.5,65.40384615384616
17,3.75,75.48076923076923
17,4.0,-26.07692307692308
17,4.25,12.53846153846154
17,4.5,34.480769230769226
17,4.75,26.92156862745098
17,5.0,30.647058823529413
17,5.25,13.294117647058824
17,5.5,1.1960784313725492
17,5.75,1.7777777777777777
17,6.0,1.4680851063829787
18,-0.5,52.51162790697674
18,-0.25,9.302325581395337
18,0.0,-9.209302325581405
18,0.25,30.790697674418595
18,0.5,-5.209302325581405
18,0.75,4.837209302325576
18,1.0,23.139534883720927
18,1.25,16.53488372093024
18,1.5,43.74418604651163
18,1.75,35.883720930232556
18,2.0,37.90697674418605
18,2.25,389.8837209302326
18,2.5,1536.0232558139535
18,2.75,552.5581395348837
18,3.0,199.3953488372093
18,3.25,132.95348837209303
18,3.5,90.51162790697674
18,3.75,-26.720930232558146
18,4.0,-20.04651162790698
18,4.25,-20.860465116279073
18,4.5,4.674418604651166
18,4.75,14.441860465116278
18,5.0,16.651162790697676
18,5.25,4.162790697674417
18,5.5,-25.5
18,5.75,-4.186046511627907
18,6.0,0.20930232558139528
19,-0.5,-9.515151515151501
19,-0.25,3.7272727272727337
19,0.0,2.3030303030302974
19,0.25,24.33333333333333
19,0.5,30.60606060606061
19,0.75,41.96969696969697
19,1.0,13.060606060606062
19,1.25,32.39393939393939
19,1.5,31.333333333333336
19,1.75,36.727272727272734
19,2.0,-0.3939393939393909
19,2.25,64.66666666666667
19,2.5,178.54545454545456
19,2.75,1026.3636363636363
19,3.0,1162.1515151515152
19,3.25,97.39393939393939
19,3.5,53.21212121212122
19,3.75,54.36363636363636
19,4.0,21.484848484848484
19,4.25,13.939393939393938
19,4.5,29.393939393939394
19,4.75,21.515151515151516
19,5.0,2.090909090909091
19,5.25,1.09375
19,5.5,3.607142857142857
19,5.75,-0.4482758620689655
19,6.0,0.07692307692307687
20,-0.5,83.64864864864865
20,-0.25,43.815789473684205
20,0.0,19.05405405405405
20,0.25,7.684210526315788
20,0.5,-36.15789473684211
20,0.75,-27.648648648648646
20,1.0,10.026315789473685
20,1.25,-14.36842105263159
20,1.5,-58.243243243243256
20,1.75,-4.297297297297291
20,2.0,-5.763157894736835
20,2.25,12.026315789473685
20,2.5,128.0263157894737
20,2.75,975.5
20,3.0,413.8157894736842
20,3.25,122.76315789473685
20,3.5,84.42105263157895
20,3.75,96.32432432432432
20,4.0,99.16216216216216
20,4.25,45.815789473684205
20,4.5,26.71052631578948
20,4.75,19.513513513513516
20,5.0,36.13513513513513
20,5.25,-51.71052631578948
20,5.5,22.815789473684205
20,5.75,21.0
20,6.0,-35.34210526315789
21,-0.5,50.44230769230769
21,-0.25,9.653846153846153
21,0.0,26.807692307692307
21,0.25,8.96153846153846
21,0.5,9.53846153846154
21,0.75,-17.34615384615384
21,1.0,-14.807692307692307
21,1.25,-16.480769230769226
21,1.5,22.84615384615384
21,1.75,41.730769230769226
21,2.0,5.730769230769226
21,2.25,48.80769230769231
21,2.5,554.1923076923077
21,2.75,423.53846153846155
21,3.0,658.0192307692307
21,3.25,183.80769230769232
21,3.5,154.65384615384616
21,3.75,115.53846153846153
21,4.0,77.13461538461539
21,4.25,64.63461538461539
21,4.5,77.63461538461539
21,4.75,-0.711538461538467
21,5.0,47.71153846153847
21,5.25,-25.5
21,5.5,7.769230769230774
21,5.75,99.5
21,6.0,-8.192307692307693
22,-0.5,3.7906976744185954
22,-0.25,-26.209302325581405
22,0.0,3.7906976744185954
22,0.25,4.837209302325576
22,0.5,20.139534883720927
22,0.75,-3.465116279069761
22,1.0,12.74418604651163
22,1.25,17.883720930232556
22,1.5,0.9069767441860535
22,1.75,47.883720930232556
22,2.0,7.023255813953483
22,2.25,154.5581395348837
22,2.5,1019.3953488372093
22,2.75,1126.953488372093
22,3.0,169.51162790697674
22,3.25,66.27906976744185
22,3.5,23.95348837209302
22,3.75,-18.860465116279073
22,4.0,11.674418604651166
22,4.25,20.441860465116278
22,4.5,20.651162790697676
22,4.75,2.162790697674417
22,5.0,-19.5
22,5.25,0.8139534883720927
22,5.5,2.2093023255813953
22,5.75,-1.4146341463414633
22,6.0,-0.8285714285714286
23,-0.5,-9.192307692307693
23,-0.25,38.40384615384616
23,0.0,-2.07692307692308
23,0.25,16.365384615384613
23,0.5,-2.92307692307692
23,0.75,-4.09615384615384
23,1.0,15.115384615384613
23,1.25,28.192307692307693
23,1.5,-14.25
23,1.75,39.730769230769226
23,2.0,13.153846153846153
23,2.25,8.846153846153847
23,2.5,134.48076923076923
23,2.75,1624.7884615384614
23,3.0,700.5384615384615
23,3.25,127.25
23,3.5,55.55769230769231
23,3.75,16.057692307692307
23,4.0,-63.923076923076934
23,4.25,6.92307692307692
23,4.5,9.173076923076923
23,4.75,2.26923076923077
23,5.0,4.153846153846153
23,5.25,-10.75
23,5.5,-11.403846153846153
23,5.75,-1.183673469387755
23,6.0,-1.2857142857142858
24,-0.5,12.333333333333343
24,-0.25,-2.0
24,0.0,22.4848484848485
24,0.25,-5.272727272727266
24,0.5,14.303030303030297
24,0.75,19.33333333333333
24,1.0,27.60606060606061
24,1.25,17.96969696969697
24,1.5,8.060606060606062
24,1.75,51.39393939393939
24,2.0,8.333333333333336
24,2.25,7.727272727272734
24,2.5,298.6060606060606
24,2.75,1533.6666666666667
24,3.0,563.5454545454545
24,3.25,153.36363636363637
24,3.5,123.15151515151516
24,3.75,27.39393939393939
24,4.0,12.212121212121218
24,4.25,10.36363636363636
24,4.5,-18.515151515151516
24,4.75,28.939393939393938
24,5.0,23.393939393939394
24,5.25,1.5151515151515156
24,5.5,3.090909090909091
24,5.75,0.09375
24,6.0,2.607142857142857
25,-0.5,-17.34210526315789
25,-0.25,-0.1842105263157947
25,0.0,93.64864864864865
25,0.25,4.351351351351354
25,0.5,-13.378378378378379
25,0.75,0.027027027027031636
25,1.0,14.0
25,1.25,-10.763157894736842
25,1.5,-43.578947368421055
25,1.75,50.684210526315795
25,2.0,5.0
25,2.25,-6.60526315789474
25,2.5,-49.29729729729729
25,2.75,525.6486486486486
25,3.0,1327.921052631579
25,3.25,286.5405405405405
25,3.5,95.91891891891892
25,3.75,-18.0
25,4.0,-7.4594594594594525
25,4.25,-31.540540540540547
25,4.5,-0.3513513513513544
25,4.75,37.08108108108108
25,5.0,25.108108108108105
25,5.25,4.918918918918919
25,5.5,-3.1891891891891895
25,5.75,-6.27027027027027
25,6.0,-7.405405405405407
26,-0.5,31.31578947368422
26,-0.25,-21.054054054054063
26,0.0,47.43243243243242
26,0.25,-12.15789473684211
26,0.5,-9.71052631578948
26,0.75,16.675675675675677
26,1.0,-12.684210526315795
26,1.25,8.0
26,1.5,-14.594594594594597
26,1.75,1.973684210526315
26,2.0,-15.921052631578945
26,2.25,-9.08108108108108
26,2.5,-10.459459459459453
26,2.75,1364.027027027027
26,3.0,564.1081081081081
26,3.25,194.48648648648648
26,3.5,65.13157894736842
26,3.75,32.07894736842104
26,4.0,-11.10526315789474
26,4.25,-134.94736842105266
26,4.5,-68.43243243243242
26,4.75,24.567567567567565
26,5.0,11.810810810810807
26,5.25,-3.1621621621621614
26,5.5,7.243243243243242
26,5.75,-4.324324324324325
26,6.0,-24.88888888888889
27,-0.5,0.75
27,-0.25,46.71153846153845
27,0.0,3.807692307692321
27,0.25,14.884615384615387
27,0.5,-21.788461538461533
27,0.75,6.942307692307693
27,1.0,7.92307692307692
27,1.25,46.55769230769231
27,1.5,25.057692307692307
27,1.75,23.92307692307692
27,2.0,36.42307692307692
27,2.25,171.3269230769231
27,2.5,82.57692307692308
27,2.75,-15.07692307692308
27,3.0,297.3076923076923
27,3.25,1230.1568627450981
27,3.5,296.4038461538462
27,3.75,151.48076923076923
27,4.0,63.92307692307692
27,4.25,104.53846153846155
27,4.5,73.48076923076923
27,4.75,50.92156862745098
27,5.0,46.64705882352941
27,5.25,36.294117647058826
27,5.5,16.19607843137255
27,5.75,-0.22222222222222232
27,6.0,2.4680851063829787
28,-0.5,-18.209302325581405
28,-0.25,-3.2093023255814046
28,0.0,-5.209302325581405
28,0.25,25.837209302325576
28,0.5,8.139534883720927
28,0.75,33.53488372093024
28,1.0,28.74418604651163
28,1.25,4.883720930232556
28,1.5,25.906976744186053
28,1.75,26.883720930232556
28,2.0,-10.976744186046517
28,2.25,4.558139534883722
28,2.5,40.3953488372093
28,2.75,38.95348837209302
28,3.0,-12.488372093023258
28,3.25,949.2790697674418
28,3.5,1118.953488372093
28,3.75,128.13953488372093
28,4.0,95.67441860465117
28,4.25,123.44186046511628
28,4.5,71.65116279069767
28,4.75,29.162790697674417
28,5.0,-9.5
28,5.25,2.8139534883720927
28,5.5,2.2093023255813953
28,5.75,0.5853658536585367
28,6.0,-0.8285714285714286
29,-0.5,7.730769230769226
29,-0.25,16.807692307692307
29,0.0,-15.807692307692307
29,0.25,0.5384615384615472
29,0.5,-7.980769230769226
29,0.75,2.807692307692321
29,1.0,-15.34615384615384
29,1.25,5.538461538461533
29,1.5,11.134615384615387
29,1.75,9.634615384615387
29,2.0,-0.3653846153846132
29,2.25,-44.71153846153847
29,2.5,75.71153846153847
29,2.75,1029.5
29,3.0,698.7692307692307
29,3.25,300.5
29,3.5,121.8076923076923
29,3.75,123.40384615384616
29,4.0,94.92307692307692
29,4.25,44.36538461538461
29,4.5,71.07692307692308
29,4.75,9.90384615384616
29,5.0,24.115384615384613
29,5.25,6.192307692307693
29,5.5,-7.25
29,5.75,42.730769230769226
29,6.0,8.153846153846153
30,-0.5,-14.28947368421052
30,-0.25,-32.486486486486484
30,0.0,-21.86486486486487
30,0.25,-15.71052631578948
30,0.5,-28.184210526315795
30,0.75,16.0
30,1.0,-24.34210526315789
30,1.25,-10.184210526315795
30,1.5,-10.351351351351354
30,1.75,-9.648648648648646
30,2.0,-4.378378378378379
30,2.25,28.02702702702703
30,2.5,102.0
30,2.75,1329.2368421052631
30,3.0,633.421052631579
30,3.25,200.68421052631578
30,3.5,112.0
30,3.75,77.39473684210526
30,4.0,-12.297297297297291
30,4.25,12.648648648648646
30,4.5,24.921052631578945
30,4.75,-26.459459459459453
30,5.0,-1.0810810810810807
30,5.25,-98.0
30,5.5,-68.45945945945945
30,5.75,-80.54054054054055
30,6.0,-31.351351351351354
31,-0.5,21.303030303030297
31,-0.25,21.33333333333333
31,0.0,34.60606060606061
31,0.25,15.969696969696969
31,0.5,14.060606060606062
31,0.75,34.39393939393939
31,1.0,28.333333333333336
31,1.25,-10.272727272727266
31,1.5,-9.393939393939391
31,1.75,-18.33333333333333
31,2.0,30.545454545454547
31,2.25,4.36363636363636
31,2.5,5.151515151515156
31,2.75,22.39393939393939
31,3.0,-24.787878787878782
31,3.25,-3.6363636363636402
31,3.5,129.4848484848485
31,3.75,127.93939393939394
31,4.0,60.39393939393939
31,4.25,1434.5151515151515
31,4.5,502.09090909090907
31,4.75,74.09375
31,5.0,13.607142857142858
31,5.25,2.5517241379310347
32,-0.5,-1.7105263157894797
32,-0.25,16.675675675675677
32,0.0,5.315789473684205
32,0.25,15.0
32,0.5,-2.5945945945945965
32,0.75,-15.026315789473685
32,1.0,7.078947368421055
32,1.25,-13.08108108108108
32,1.5,-3.4594594594594525
32,1.75,-37.97297297297297
32,2.0,-48.8918918918919
32,2.25,-30.513513513513516
32,2.5,237.13157894736844
32,2.75,1438.078947368421
32,3.0,688.8947368421052
32,3.25,119.05263157894734
32,3.5,76.56756756756758
32,3.75,155.56756756756755
32,4.0,98.8108108108108
32,4.25,54.83783783783784
32,4.5,30.243243243243242
32,4.75,11.675675675675675
32,5.0,-17.88888888888889
32,5.25,-10.91891891891892
32,5.5,-43.407407407407405
33,-0.5,-19.788461538461533
33,-0.25,2.9423076923076934
33,0.0,27.92307692307692
33,0.25,22.557692307692307
33,0.5,12.057692307692307
33,0.75,9.92307692307692
33,1.0,31.42307692307692
33,1.25,8.32692307692308
33,1.5,5.57692307692308
33,1.75,-10.07692307692308
33,2.0,-57.69230769230768
33,2.25,-85.84313725490196
33,2.5,41.40384615384616
33,2.75,754.4807692307693
33,3.0,1054.923076923077
33,3.25,332.53846153846155
33,3.5,196.48076923076923
33,3.75,161.921568627451
33,4.0,113.64705882352942
33,4.25,63.294117647058826
33,4.5,46.19607843137255
33,4.75,9.777777777777779
33,5.0,5.468085106382979
33,5.25,-4.311111111111111
33,5.5,-1.4864864864864864
33,5.75,0.7241379310344828
33,6.0,0.5454545454545454
34,-0.5,48.3030303030303
34,-0.25,25.33333333333333
34,0.0,42.60606060606061
34,0.25,19.96969696969697
34,0.5,47.06060606060606
34,0.75,28.39393939393939
34,1.0,61.333333333333336
34,1.25,35.727272727272734
34,1.5,2.606060606060609
34,1.75,-24.33333333333333
34,2.0,62.54545454545455
34,2.25,15.36363636363636
34,2.5,-7.848484848484844
34,2.75,-47.60606060606061
34,3.0,51.21212121212122
34,3.25,22.36363636363636
34,3.5,1174.4848484848485
34,3.75,1101.939393939394
34,4.0,220.3939393939394
34,4.25,147.5151515151515
34,4.5,89.0909090909091
34,4.75,30.09375
34,5.0,10.607142857142858
34,5.25,-0.4482758620689655
34,5.5,-0.9230769230769231
34,5.75,0.44999999999999996
34,6.0,0.4
35,-0.5,14.211538461538467
35,-0.25,44.94230769230769
35,0.0,58.92307692307692
35,0.25,53.55769230769231
35,0.5,33.05769230769231
35,0.75,14.92307692307692
35,1.0,1.4230769230769198
35,1.25,19.32692307692308
35,1.5,9.57692307692308
35,1.75,-24.07692307692308
35,2.0,-53.69230769230768
35,2.25,-66.84313725490196
35,2.5,-16.59615384615384
35,2.75,359.4807692307692
35,3.0,1225.923076923077
35,3.25,617.5384615384615
35,3.5,179.48076923076923
35,3.75,204.921568627451
35,4.0,125.64705882352942
35,4.25,98.29411764705883
35,4.5,49.19607843137255
35,4.75,8.777777777777779
35,5.0,6.468085106382979
35,5.25,-5.311111111111111
35,5.5,-1.4864864864864864
36,-0.5,-22.48837209302326
36,-0.25,9.302325581395337
36,0.0,0.7906976744185954
36,0.25,1.7906976744185954
36,0.5,-1.2093023255814046
36,0.75,-13.162790697674424
36,1.0,28.139534883720927
36,1.25,23.53488372093024
36,1.5,16.74418604651163
36,1.75,34.883720930232556
36,2.0,46.90697674418605
36,2.25,23.883720930232556
36,2.5,183.02325581395348
36,2.75,1050.5581395348838
36,3.0,1148.3953488372092
36,3.25,232.95348837209303
36,3.5,113.51162790697674
36,3.75,25.279069767441854
36,4.0,41.95348837209302
36,4.25,10.139534883720927
36,4.5,34.674418604651166
36,4.75,34.44186046511628
36,5.0,17.651162790697676
36,5.25,7.162790697674417
36,5.5,-18.5
36,5.75,-1.1860465116279073
36,6.0,1.2093023255813953
37,-0.5,91.65789473684211
37,-0.25,59.815789473684205
37,0.0,-15.351351351351354
37,0.25,-13.648648648648646
37,0.5,9.621621621621621
37,0.75,29.02702702702703
37,1.0,3.0
37,1.25,22.236842105263158
37,1.5,-26.578947368421055
37,1.75,87.6842105263158
37,2.0,1.0
37,2.25,158.39473684210526
37,2.5,1015.7027027027027
37,2.75,856.6486486486486
37,3.0,182.92105263157896
37,3.25,59.54054054054055
37,3.5,79.91891891891892
37,3.75,-44.0
37,4.0,-33.45945945945945
37,4.25,-33.54054054054055
37,4.5,-6.351351351351354
37,4.75,13.08108108108108
37,5.0,36.108108108108105
37,5.25,18.91891891891892
37,5.5,1.8108108108108105
37,5.75,-7.27027027027027
37,6.0,-11.405405405405407
38,-0.5,-19.48837209302326
38,-0.25,-32.69767441860466
38,0.0,37.790697674418595
38,0.25,-28.209302325581405
38,0.5,2.7906976744185954
38,0.75,41.837209302325576
38,1.0,0.13953488372092693
38,1.25,21.53488372093024
38,1.5,-4.255813953488371
38,1.75,14.883720930232556
38,2.0,44.90697674418605
38,2.25,65.88372093023256
38,2.5,247.02325581395348
38,2.75,1803.5581395348838
38,3.0,535.3953488372093
38,3.25,119.95348837209302
38,3.5,124.51162790697674
38,3.75,41.279069767441854
38,4.0,0.9534883720930196
38,4.25,-41.86046511627907
38,4.5,6.674418604651166
38,4.75,17.441860465116278
38,5.0,19.651162790697676
38,5.25,2.162790697674417
38,5.5,-19.5
38,5.75,-3.1860465116279073
38,6.0,-0.7906976744186047
40,-0.5,43.51162790697674
40,-0.25,15.302325581395337
40,0.0,66.7906976744186
40,0.25,14.790697674418595
40,0.5,43.790697674418595
40,0.75,-0.16279069767442422
40,1.0,7.139534883720927
40,1.25,4.534883720930239
40,1.5,3.7441860465116292
40,1.75,28.883720930232556
40,2.0,28.906976744186053
40,2.25,83.88372093023256
40,2.5,952.0232558139535
40,2.75,1471.5581395348838
40,3.0,270.3953488372093
40,3.25,100.95348837209302
40,3.5,102.51162790697674
40,3.75,27.279069767441854
40,4.0,4.95348837209302
40,4.25,73.13953488372093
40,4.5,14.674418604651166
40,4.75,8.441860465116278
40,5.0,46.651162790697676
40,5.25,7.162790697674417
40,5.5,-14.5
40,5.75,-1.1860465116279073
40,6.0,-0.7906976744186047
41,-0.5,314.6578947368421
41,-0.25,192.81578947368422
41,0.0,104.64864864864865
41,0.25,28.351351351351354
41,0.5,5.621621621621621
41,0.75,55.02702702702703
41,1.0,98.0
41,1.25,21.236842105263158
41,1.5,-35.578947368421055
41,1.75,203.68421052631578
41,2.0,66.0
41,2.25,21.39473684210526
41,2.5,74.70270270270271
41,2.75,1458.6486486486488
41,3.0,507.92105263157896
41,3.25,283.5405405405405
41,3.5,131.9189189189189
41,3.75,-36.0
41,4.0,-29.459459459459453
41,4.25,65.45945945945945
41,4.5,10.648648648648646
41,4.75,10.08108108108108
41,5.0,139.1081081081081
41,5.25,53.91891891891892
41,5.5,12.81081081081081
41,5.75,-3.27027027027027
41,6.0,-11.405405405405407
42,-0.5,54.51162790697674
42,-0.25,31.302325581395337
42,0.0,12.790697674418595
42,0.25,-10.209302325581405
42,0.5,34.790697674418595
42,0.75,12.837209302325576
42,1.0,2.139534883720927
42,1.25,8.534883720930239
42,1.5,175.74418604651163
42,1.75,8.883720930232556
42,2.0,59.90697674418605
42,2.25,370.8837209302326
42,2.5,36.02325581395348
42,2.75,1231.5581395348838
42,3.0,1276.3953488372092
42,3.25,386.95348837209303
42,3.5,193.51162790697674
42,3.75,36.279069767441854
42,4.0,315.95348837209303
42,4.25,272.1395348837209
42,4.5,54.674418604651166
42,4.75,20.441860465116278
42,5.0,28.651162790697676
42,5.25,14.162790697674417
42,5.5,310.5
42,5.75,50.81395348837209
42,6.0,2.2093023255813953
43,-0.5,-40.69387755102042
43,-0.25,-6.102040816326536
43,0.0,-23.0204081632653
43,0.25,-15.979591836734699
43,0.5,17.530612244897952
43,0.75,-9.448979591836732
43,1.0,-2.040816326530617
43,1.25,3.3469387755102105
43,1.5,38.69387755102041
43,1.75,25.448979591836732
43,2.0,-9.183673469387756
43,2.25,48.69387755102041
43,2.5,160.9591836734694
43,2.75,195.91836734693877
43,3.0,1425.7551020408164
43,3.25,828.9795918367347
43,3.5,124.16326530612245
43,3.75,13.0
43,4.0,53.734693877551024
43,4.25,31.408163265306122
43,4.5,16.693877551020407
43,4.75,-3.8571428571428577
43,5.0,-2.2857142857142847
43,5.25,16.632653061224488
43,5.5,0.5714285714285712
43,5.75,-0.18367346938775508
43,6.0,-0.3111111111111111
44,-0.5,-42.48837209302326
44,-0.25,-10.697674418604663
44,0.0,39.790697674418595
44,0.25,-49.209302325581405
44,0.5,13.790697674418595
44,0.75,9.837209302325576
44,1.0,-8.860465116279073
44,1.25,-1.4651162790697612
44,1.5,16.74418604651163
44,1.75,41.883720930232556
44,2.0,49.90697674418605
44,2.25,178.88372093023256
44,2.5,842.0232558139535
44,2.75,1447.5581395348838
44,3.0,231.3953488372093
44,3.25,147.95348837209303
44,3.5,68.51162790697674
44,3.75,14.279069767441854
44,4.0,-15.04651162790698
44,4.25,-31.860465116279073
44,4.5,18.674418604651166
44,4.75,3.441860465116278
44,5.0,27.651162790697676
44,5.25,0.16279069767441712
44,5.5,-18.5
44,5.75,-5.186046511627907
44,6.0,2.2093023255813953
45,-0.5,-46.34210526315789
45,-0.25,24.815789473684205
45,0.0,-24.351351351351354
45,0.25,-21.648648648648646
45,0.5,-24.37837837837838
45,0.75,20.02702702702703
45,1.0,0.0
45,1.25,-11.763157894736842
45,1.5,-2.578947368421055
45,1.75,-21.315789473684205
45,2.0,33.0
45,2.25,9.39473684210526
45,2.5,-27.29729729729729
45,2.75,601.6486486486486
45,3.0,1347.921052631579
45,3.25,269.5405405405405
45,3.5,75.91891891891892
45,3.75,9.0
45,4.0,-20.459459459459453
45,4.25,-8.540540540540547
45,4.5,10.648648648648646
45,4.75,32.08108108108108
45,5.0,36.108108108108105
45,5.25,35.91891891891892
45,5.5,11.81081081081081
45,5.75,-3.27027027027027
45,6.0,-10.405405405405407
47,-0.5,0.5116279069767415
47,-0.25,-17.697674418604663
47,0.0,16.790697674418595
47,0.25,-21.209302325581405
47,0.5,-13.209302325581405
47,0.75,19.837209302325576
47,1.0,26.139534883720927
47,1.25,15.534883720930239
47,1.5,42.74418604651163
47,1.75,31.883720930232556
47,2.0,3.9069767441860535
47,2.25,76.88372093023256
47,2.5,374.0232558139535
47,2.75,1586.5581395348838
47,3.0,290.3953488372093
47,3.25,127.95348837209302
47,3.5,91.51162790697674
47,3.75,9.279069767441854
47,4.0,-0.04651162790698038
47,4.25,-57.86046511627907
47,4.5,3.6744186046511658
47,4.75,2.441860465116278
47,5.0,6.651162790697676
47,5.25,-9.837209302325583
47,5.5,-19.5
47,5.75,-3.1860465116279073
47,6.0,-1.7906976744186047
48,-0.5,17.51162790697674
48,-0.25,-61.69767441860466
48,0.0,22.790697674418595
48,0.25,-3.2093023255814046
48,0.5,4.790697674418595
48,0.75,10.837209302325576
48,1.0,0.13953488372092693
48,1.25,-4.465116279069761
48,1.5,26.74418604651163
48,1.75,38.883720930232556
48,2.0,0.9069767441860535
48,2.25,50.883720930232556
48,2.5,93.02325581395348
48,2.75,527.5581395348837
48,3.0,1731.3953488372092
48,3.25,244.95348837209303
48,3.5,134.51162790697674
48,3.75,27.279069767441854
48,4.0,22.95348837209302
48,4.25,-35.86046511627907
48,4.5,12.674418604651166
48,4.75,38.44186046511628
48,5.0,25.651162790697676
48,5.25,17.162790697674417
48,5.5,-17.5
48,5.75,-1.1860465116279073
49,-0.5,-27.94594594594595
49,-0.25,12.684210526315788
49,0.0,-14.15789473684211
49,0.25,13.351351351351354
49,0.5,-9.973684210526315
49,0.75,-22.36842105263159
49,1.0,0.7567567567567437
49,1.25,30.70270270270271
49,1.5,-5.763157894736835
49,1.75,6.026315789473685
49,2.0,17.026315789473685
49,2.25,17.5
49,2.5,366.8157894736842
49,2.75,1235.7631578947369
49,3.0,368.42105263157896
49,3.25,195.32432432432432
49,3.5,117.16216216216216
49,3.75,123.8157894736842
49,4.0,59.71052631578948
49,4.25,31.513513513513516
49,4.5,43.13513513513513
49,4.75,4.28947368421052
49,5.0,-40.184210526315795
49,5.25,-7.0
49,5.5,-39.34210526315789
49,5.75,31.815789473684205
49,6.0,-37.351351351351354
50,-0.5,3.75
50,-0.25,42.71153846153845
50,0.0,-0.1923076923076792
50,0.25,15.884615384615387
50,0.5,20.211538461538467
50,0.75,20.942307692307693
50,1.0,17.92307692307692
50,1.25,-12.442307692307693
50,1.5,-2.9423076923076934
50,1.75,26.92307692307692
50,2.0,5.42307692307692
50,2.25,51.32692307692308
50,2.5,238.5769230769231
50,2.75,1661.923076923077
50,3.0,504.3076923076923
50,3.25,0.15686274509803866
50,3.5,69.40384615384616
50,3.75,43.480769230769226
50,4.0,-18.07692307692308
50,4.25,11.53846153846154
50,4.5,25.48076923076923
50,4.75,15.92156862745098
50,5.0,11.647058823529413
50,5.25,8.294117647058824
50,5.5,5.196078431372549
50,5.75,1.7777777777777777
50,6.0,-0.5319148936170213
52,-0.5,-85.34210526315789
52,-0.25,-36.184210526315795
52,0.0,0.6486486486486456
52,0.25,-3.6486486486486456
52,0.5,-20.37837837837838
52,0.75,-5.972972972972968
52,1.0,-18.0
52,1.25,-11.763157894736842
52,1.5,-57.578947368421055
52,1.75,-6.315789473684205
52,2.0,-11.0
52,2.25,37.39473684210526
52,2.5,710.7027027027027
52,2.75,1060.6486486486488
52,3.0,177.92105263157896
52,3.25,55.54054054054055
52,3.5,49.91891891891892
52,3.75,-60.0
52,4.0,-66.45945945945945
52,4.25,-48.54054054054055
52,4.5,-3.3513513513513544
52,4.75,-0.9189189189189193
52,5.0,-6.891891891891895
52,5.25,1.9189189189189193
52,5.5,6.8108108108108105
52,5.75,-9.27027027027027
52,6.0,-12.405405405405407
53,-0.5,-50.34210526315789
53,-0.25,-21.184210526315795
53,0.0,5.648648648648646
53,0.25,-13.648648648648646
53,0.5,-23.37837837837838
53,0.75,4.027027027027032
53,1.0,-5.0
53,1.25,6.2368421052631575
53,1.5,-10.578947368421055
53,1.75,-7.315789473684205
53,2.0,19.0
53,2.25,2.39473684210526
53,2.5,47.70270270270271
53,2.75,1226.6486486486488
53,3.0,371.92105263157896
53,3.25,84.54054054054055
53,3.5,73.91891891891892
53,3.75,-37.0
53,4.0,-28.459459459459453
53,4.25,-38.54054054054055
53,4.5,31.648648648648646
53,4.75,23.08108108108108
53,5.0,30.108108108108105
53,5.25,20.91891891891892
53,5.5,13.81081081081081
53,5.75,-8.27027027027027
53,6.0,-8.405405405405407
54,-0.5,-46.69387755102042
54,-0.25,-37.102040816326536
54,0.0,30.9795918367347
54,0.25,-6.9795918367346985
54,0.5,-55.46938775510205
54,0.75,-21.448979591836732
54,1.0,0.9591836734693828
54,1.25,-4.6530612244897895
54,1.5,38.69387755102041
54,1.75,55.44897959183673
54,2.0,7.816326530612244
54,2.25,104.6938775510204
54,2.5,821.9591836734694
54,2.75,1340.9183673469388
54,3.0,926.7551020408164
54,3.25,183.9795918367347
54,3.5,96.16326530612245
54,3.75,8.0
54,4.0,8.734693877551024
54,4.25,42.40816326530612
54,4.5,36.69387755102041
54,4.75,29.142857142857142
54,5.0,-6.285714285714285
54,5.25,8.63265306122449
54,5.5,11.571428571428571
54,5.75,-2.183673469387755
54,6.0,-0.3111111111111111
55,-0.5,-24.34210526315789
55,-0.25,-17.184210526315795
55,0.0,-38.351351351351354
55,0.25,3.3513513513513544
55,0.5,-26.37837837837838
55,0.75,-6.972972972972968
55,1.0,-17.0
55,1.25,-7.7631578947368425
55,1.5,-31.578947368421055
55,1.75,-18.315789473684205
55,2.0,-33.0
55,2.25,20.39473684210526
55,2.5,193.7027027027027
55,2.75,1163.6486486486488
55,3.0,408.92105263157896
55,3.25,59.54054054054055
55,3.5,50.91891891891892
55,3.75,-53.0
55,4.0,-55.45945945945945
55,4.25,-47.54054054054055
55,4.5,-26.351351351351354
55,4.75,15.08108108108108
55,5.0,14.108108108108105
55,5.25,-9.08108108108108
55,5.5,7.8108108108108105
55,5.75,-11.27027027027027
55,6.0,-14.405405405405407
59,-0.5,-28.94594594594595
59,-0.25,-5.315789473684212
59,0.0,-27.15789473684211
59,0.25,-15.648648648648646
59,0.5,-17.973684210526315
59,0.75,-27.36842105263159
59,1.0,-54.243243243243256
59,1.25,20.70270270270271
59,1.5,55.236842105263165
59,1.75,9.026315789473685
59,2.0,-5.973684210526315
59,2.25,89.5
59,2.5,862.8157894736842
59,2.75,995.7631578947369
59,3.0,303.42105263157896
59,3.25,191.32432432432432
59,3.5,107.16216216216216
59,3.75,53.815789473684205
59,4.0,67.71052631578948
59,4.25,12.513513513513516
59,4.5,23.13513513513513
59,4.75,-55.71052631578948
59,5.0,-6.184210526315795
59,5.25,-16.0
59,5.5,-40.34210526315789
59,5.75,-12.184210526315795
59,6.0,-53.351351351351354
60,-0.5,-11.693877551020421
60,-0.25,2.897959183673464
60,0.0,29.9795918367347
60,0.25,20.0204081632653
60,0.5,51.53061224489795
60,0.75,24.551020408163268
60,1.0,1.9591836734693828
60,1.25,21.34693877551021
60,1.5,18.693877551020407
60,1.75,5.448979591836732
60,2.0,27.816326530612244
60,2.25,28.693877551020407
60,2.5,72.9591836734694
60,2.75,968.9183673469388
60,3.0,1431.7551020408164
60,3.25,402.9795918367347
60,3.5,121.16326530612245
60,3.75,20.0
60,4.0,22.734693877551024
60,4.25,40.40816326530612
60,4.5,35.69387755102041
60,4.75,15.142857142857142
60,5.0,2.7142857142857153
60,5.25,9.63265306122449
60,5.5,0.5714285714285712
60,5.75,-2.183673469387755
60,6.0,0.6888888888888889
62,-0.5,28.30612244897958
62,-0.25,-27.102040816326536
62,0.0,74.9795918367347
62,0.25,15.020408163265301
62,0.5,-10.469387755102048
62,0.75,-5.448979591836732
62,1.0,-3.040816326530617
62,1.25,35.34693877551021
62,1.5,25.693877551020407
62,1.75,46.44897959183673
62,2.0,10.816326530612244
62,2.25,173.69387755102042
62,2.5,945.9591836734694
62,2.75,1566.9183673469388
62,3.0,270.7551020408163
62,3.25,125.9795918367347
62,3.5,74.16326530612245
62,3.75,31.0
62,4.0,-2.265306122448976
62,4.25,23.408163265306122
62,4.5,21.693877551020407
62,4.75,14.142857142857142
62,5.0,-17.285714285714285
62,5.25,9.63265306122449
62,5.5,-2.428571428571429
62,5.75,-0.18367346938775508
62,6.0,0.6888888888888889
63,-0.5,25.51162790697674
63,-0.25,-18.697674418604663
63,0.0,3.7906976744185954
63,0.25,-9.209302325581405
63,0.5,32.790697674418595
63,0.75,22.837209302325576
63,1.0,4.139534883720927
63,1.25,-10.465116279069761
63,1.5,18.74418604651163
63,1.75,42.883720930232556
63,2.0,25.906976744186053
63,2.25,177.88372093023256
63,2.5,668.0232558139535
63,2.75,1235.5581395348838
63,3.0,258.3953488372093
63,3.25,106.95348837209302
63,3.5,72.51162790697674
63,3.75,-24.720930232558146
63,4.0,-61.04651162790698
63,4.25,-36.86046511627907
63,4.5,-11.325581395348834
63,4.75,6.441860465116278
63,5.0,13.651162790697676
63,5.25,-11.837209302325583
63,5.5,-26.5
63,5.75,-1.1860465116279073
63,6.0,0.20930232558139528
64,-0.5,-26.94594594594595
64,-0.25,16.684210526315788
64,0.0,-13.15789473684211
64,0.25,26.351351351351354
64,0.5,-23.973684210526315
64,0.75,31.63157894736841
64,1.0,-49.243243243243256
64,1.25,-41.29729729729729
64,1.5,37.236842105263165
64,1.75,11.026315789473685
64,2.0,43.026315789473685
64,2.25,129.5
64,2.5,969.8157894736842
64,2.75,783.7631578947369
64,3.0,128.42105263157896
64,3.25,156.32432432432432
64,3.5,150.16216216216216
64,3.75,84.8157894736842
64,4.0,78.71052631578948
64,4.25,58.513513513513516
64,4.5,16.13513513513513
64,4.75,25.28947368421052
64,5.0,-28.184210526315795
64,5.25,-42.0
64,5.5,-43.34210526315789
64,5.75,7.815789473684205
64,6.0,-6.351351351351354
65,-0.5,-25.69387755102042
65,-0.25,26.897959183673464
65,0.0,1.9795918367346985
65,0.25,24.0204081632653
65,0.5,28.530612244897952
65,0.75,27.551020408163268
65,1.0,-2.040816326530617
65,1.25,38.34693877551021
65,1.5,25.693877551020407
65,1.75,30.448979591836732
65,2.0,0.816326530612244
65,2.25,87.6938775510204
65,2.5,596.9591836734694
65,2.75,1579.9183673469388
65,3.0,536.7551020408164
65,3.25,134.9795918367347
65,3.5,110.16326530612245
65,3.75,42.0
65,4.0,41.734693877551024
65,4.25,24.408163265306122
65,4.5,33.69387755102041
65,4.75,18.142857142857142
65,5.0,-19.285714285714285
65,5.25,5.63265306122449
65,5.5,-1.4285714285714288
65,5.75,-0.18367346938775508
65,6.0,2.688888888888889
66,-0.5,39.236842105263165
66,-0.25,4.026315789473685
66,0.0,-5.973684210526315
66,0.25,30.5
66,0.5,-8.184210526315795
66,0.75,37.76315789473685
66,1.0,-34.578947368421055
66,1.25,-7.675675675675677
66,1.5,7.162162162162161
66,1.75,17.815789473684205
66,2.0,17.71052631578948
66,2.25,89.51351351351352
66,2.5,723.1351351351351
66,2.75,1049.2894736842104
66,3.0,246.81578947368422
66,3.25,98.0
66,3.5,80.65789473684211
66,3.75,146.81578947368422
66,4.0,45.648648648648646
66,4.25,60.351351351351354
66,4.5,29.62162162162162
66,4.75,28.02702702702703
66,5.0,18.0
66,5.25,-6.7631578947368425
66,5.5,-37.578947368421055
66,5.75,13.684210526315795
66,6.0,-24.0
67,-0.5,-8.945945945945951
67,-0.25,25.684210526315788
67,0.0,22.84210526315789
67,0.25,-27.648648648648646
67,0.5,-11.973684210526315
67,0.75,-13.36842105263159
67,1.0,-0.2432432432432563
67,1.25,-8.297297297297291
67,1.5,-19.763157894736835
67,1.75,-11.973684210526315
67,2.0,-10.973684210526315
67,2.25,65.5
67,2.5,516.8157894736842
67,2.75,1148.7631578947369
67,3.0,257.42105263157896
67,3.25,152.32432432432432
67,3.5,58.16216216216216
67,3.75,38.815789473684205
67,4.0,49.71052631578948
67,4.25,24.513513513513516
67,4.5,37.13513513513513
67,4.75,-41.71052631578948
67,5.0,34.815789473684205
67,5.25,28.0
67,5.5,-39.34210526315789
67,5.75,-15.184210526315795
67,6.0,20.648648648648646
68,-0.5,12.306122448979579
68,-0.25,17.897959183673464
68,0.0,29.9795918367347
68,0.25,17.0204081632653
68,0.5,-4.469387755102048
68,0.75,9.551020408163268
68,1.0,-9.040816326530617
68,1.25,14.34693877551021
68,1.5,31.693877551020407
68,1.75,21.448979591836732
68,2.0,0.816326530612244
68,2.25,131.69387755102042
68,2.5,723.9591836734694
68,2.75,1528.9183673469388
68,3.0,446.7551020408163
68,3.25,157.9795918367347
68,3.5,62.163265306122454
68,3.75,-9.0
68,4.0,12.734693877551024
68,4.25,24.408163265306122
68,4.5,38.69387755102041
68,4.75,0.14285714285714235
68,5.0,-13.285714285714285
68,5.25,1.6326530612244898
68,5.5,5.571428571428571
68,5.75,-0.18367346938775508
68,6.0,0.6888888888888889
69,-0.5,12.511627906976742
69,-0.25,-0.6976744186046631
69,0.0,36.790697674418595
69,0.25,8.790697674418595
69,0.5,32.790697674418595
69,0.75,15.837209302325576
69,1.0,21.139534883720927
69,1.25,10.534883720930239
69,1.5,12.74418604651163
69,1.75,44.883720930232556
69,2.0,29.906976744186053
69,2.25,444.8837209302326
69,2.5,1632.0232558139535
69,2.75,450.5581395348837
69,3.0,140.3953488372093
69,3.25,82.95348837209302
69,3.5,42.51162790697674
69,3.75,-55.720930232558146
69,4.0,-46.04651162790698
69,4.25,-60.86046511627907
69,4.5,-22.325581395348834
69,4.75,2.441860465116278
69,5.0,3.6511627906976756
69,5.25,-4.837209302325583
69,5.5,-26.5
69,5.75,-3.1860465116279073
69,6.0,0.20930232558139528
70,-0.5,-47.48837209302326
70,-0.25,13.302325581395337
70,0.0,-6.209302325581405
70,0.25,-25.209302325581405
70,0.5,-39.209302325581405
70,0.75,-13.162790697674424
70,1.0,15.139534883720927
70,1.25,2.534883720930239
70,1.5,43.74418604651163
70,1.75,46.883720930232556
70,2.0,47.90697674418605
70,2.25,380.8837209302326
70,2.5,1373.0232558139535
70,2.75,651.5581395348837
70,3.0,128.3953488372093
70,3.25,62.95348837209302
70,3.5,29.51162790697674
70,3.75,-39.720930232558146
70,4.0,-34.04651162790698
70,4.25,-64.86046511627907
70,4.5,-30.325581395348834
70,4.75,3.441860465116278
70,5.0,-14.348837209302324
70,5.25,-12.837209302325583
70,5.5,-20.5
70,5.75,-3.1860465116279073
70,6.0,-1.7906976744186047
71,-0.5,-10.945945945945951
71,-0.25,-4.315789473684212
71,0.0,29.84210526315789
71,0.25,42.351351351351354
71,0.5,-7.973684210526315
71,0.75,10.63157894736841
71,1.0,14.756756756756744
71,1.25,6.702702702702709
71,1.5,10.236842105263165
71,1.75,28.026315789473685
71,2.0,17.026315789473685
71,2.25,92.5
71,2.5,445.8157894736842
71,2.75,1010.7631578947369
71,3.0,292.42105263157896
71,3.25,217.32432432432432
71,3.5,137.16216216216216
71,3.75,104.8157894736842
71,4.0,57.71052631578948
71,4.25,32.513513513513516
71,4.5,26.13513513513513
71,4.75,-4.71052631578948
71,5.0,-26.184210526315795
71,5.25,-30.0
71,5.5,-46.34210526315789
71,5.75,-25.184210526315795
71,6.0,37.648648648648646
72,-0.5,59.80769230769232
72,-0.25,33.88461538461539
72,0.0,53.21153846153847
72,0.25,-7.057692307692307
72,0.5,18.92307692307692
72,0.75,19.557692307692307
72,1.0,-15.942307692307693
72,1.25,17.92307692307692
72,1.5,49.42307692307692
72,1.75,62.32692307692308
72,2.0,61.57692307692308
72,2.25,275.9230769230769
72,2.5,1095.3076923076924
72,2.75,1014.156862745098
72,3.0,173.40384615384616
72,3.25,138.48076923076923
72,3.5,16.92307692307692
72,3.75,35.53846153846154
72,4.0,54.480769230769226
72,4.25,34.92156862745098
72,4.5,30.647058823529413
72,4.75,25.294117647058826
72,5.0,8.196078431372548
72,5.25,0.7777777777777777
72,5.5,-0.5319148936170213
72,5.75,-6.311111111111111
72,6.0,0.5135135135135136
73,-0.5,8.80769230769232
73,-0.25,-1.1153846153846132
73,0.0,5.211538461538467
73,0.25,0.9423076923076934
73,0.5,-12.07692307692308
73,0.75,1.5576923076923066
73,1.0,21.057692307692307
73,1.25,20.92307692307692
73,1.5,3.42307692307692
73,1.75,53.32692307692308
73,2.0,6.57692307692308
73,2.25,16.92307692307692
73,2.5,-33.69230769230768
73,2.75,1.1568627450980387
73,3.0,1568.4038461538462
73,3.25,799.4807692307693
73,3.5,68.92307692307692
73,3.75,93.53846153846155
73,4.0,77.48076923076923
73,4.25,51.92156862745098
73,4.5,27.647058823529413
73,4.75,48.294117647058826
73,5.0,11.196078431372548
73,5.25,2.7777777777777777
73,5.5,1.4680851063829787
73,5.75,-4.311111111111111
74,-0.5,18.51162790697674
74,-0.25,4.302325581395337
74,0.0,-12.209302325581405
74,0.25,34.790697674418595
74,0.5,37.790697674418595
74,0.75,23.837209302325576
74,1.0,25.139534883720927
74,1.25,4.534883720930239
74,1.5,28.74418604651163
74,1.75,33.883720930232556
74,2.0,50.90697674418605
74,2.25,245.88372093023256
74,2.5,1395.0232558139535
74,2.75,595.5581395348837
74,3.0,144.3953488372093
74,3.25,102.95348837209302
74,3.5,55.51162790697674
74,3.75,-35.720930232558146
74,4.0,-16.04651162790698
74,4.25,-41.86046511627907
74,4.5,-13.325581395348834
74,4.75,14.441860465116278
74,5.0,10.651162790697676
74,5.25,7.162790697674417
74,5.5,-17.5
74,5.75,-3.1860465116279073
74,6.0,0.20930232558139528
75,-0.5,-2.945945945945951
75,-0.25,25.684210526315788
75,0.0,15.84210526315789
75,0.25,24.351351351351354
75,0.5,21.026315789473685
75,0.75,34.63157894736841
75,1.0,-17.243243243243256
75,1.25,20.70270270270271
75,1.5,7.236842105263165
75,1.75,32.026315789473685
75,2.0,28.026315789473685
75,2.25,124.5
75,2.5,783.8157894736842
75,2.75,1190.7631578947369
75,3.0,327.42105263157896
75,3.25,201.32432432432432
75,3.5,164.16216216216216
75,3.75,102.8157894736842
75,4.0,99.71052631578948
75,4.25,92.51351351351352
75,4.5,71.13513513513513
75,4.75,49.28947368421052
75,5.0,55.815789473684205
75,5.25,65.0
75,5.5,44.65789473684211
75,5.75,44.815789473684205
75,6.0,35.648648648648646
76,-0.5,5.648648648648646
76,-0.25,6.815789473684205
76,0.0,-4.945945945945951
76,0.25,9.684210526315788
76,0.5,-5.15789473684211
76,0.75,5.351351351351354
76,1.0,4.026315789473685
76,1.25,-37.36842105263159
76,1.5,24.756756756756744
76,1.75,2.702702702702709
76,2.0,-4.763157894736835
76,2.25,29.026315789473685
76,2.5,190.0263157894737
76,2.75,862.5
76,3.0,721.8157894736842
76,3.25,221.76315789473685
76,3.5,117.42105263157895
76,3.75,126.32432432432432
76,4.0,81.16216216216216
76,4.25,112.8157894736842
76,4.5,82.71052631578948
76,4.75,81.51351351351352
76,5.0,22.13513513513513
76,5.25,-11.71052631578948
76,5.5,-17.184210526315795
76,5.75,18.0
76,6.0,-9.34210526315789
77,-0.5,37.43243243243242
77,-0.25,21.84210526315789
77,0.0,33.28947368421052
77,0.25,-8.324324324324323
77,0.5,10.315789473684205
77,0.75,5.0
77,1.0,-4.5945945945945965
77,1.25,-17.026315789473685
77,1.5,-36.921052631578945
77,1.75,-20.08108108108108
77,2.0,-51.45945945945945
77,2.25,-32.97297297297297
77,2.5,1408.1081081081081
77,2.75,1002.4864864864865
77,3.0,133.13157894736844
77,3.25,14.07894736842104
77,3.5,-8.10526315789474
77,3.75,-138.94736842105266
77,4.0,-80.43243243243242
77,4.25,16.567567567567565
77,4.5,36.81081081081081
77,4.75,10.837837837837839
77,5.0,13.243243243243242
77,5.25,36.67567567567568
77,5.5,28.11111111111111
77,5.75,4.081081081081081
77,6.0,-2.4074074074074048
78,-0.5,1.7307692307692264
78,-0.25,-1.1923076923076934
78,0.0,1.1923076923076934
78,0.25,59.53846153846155
78,0.5,74.01923076923077
78,0.75,50.80769230769232
78,1.0,5.65384615384616
78,1.25,39.53846153846153
78,1.5,2.134615384615387
78,1.75,27.634615384615387
78,2.0,52.63461538461539
78,2.25,46.28846153846153
78,2.5,128.71153846153845
78,2.75,837.5
78,3.0,1305.7692307692307
78,3.25,289.5
78,3.5,92.8076923076923
78,3.75,257.4038461538462
78,4.0,255.9230769230769
78,4.25,103.36538461538461
78,4.5,47.07692307692308
78,4.75,100.90384615384616
78,5.0,24.115384615384613
78,5.25,0.1923076923076934
78,5.5,124.75
78,5.75,-2.2692307692307736
78,6.0,1.1538461538461533
79,-0.5,-39.763157894736835
79,-0.25,-0.973684210526315
79,0.0,-5.973684210526315
79,0.25,-44.5
79,0.5,-8.184210526315795
79,0.75,-3.2368421052631504
79,1.0,-47.578947368421055
79,1.25,-36.67567567567568
79,1.5,-34.83783783783784
79,1.75,-1.1842105263157947
79,2.0,-11.28947368421052
79,2.25,-0.4864864864864842
79,2.5,-32.86486486486487
79,2.75,250.28947368421052
79,3.0,1414.8157894736842
79,3.25,411.0
79,3.5,82.65789473684211
79,3.75,120.8157894736842
79,4.0,95.64864864864865
79,4.25,102.35135135135135
79,4.5,70.62162162162161
79,4.75,73.02702702702703
79,5.0,13.0
79,5.25,18.236842105263158
79,5.5,-19.578947368421055
79,5.75,-53.315789473684205
79,6.0,-28.0
80,-0.5,1.7906976744185954
80,-0.25,4.790697674418595
80,0.0,1.7906976744185954
80,0.25,9.837209302325576
80,0.5,5.139534883720927
80,0.75,29.53488372093024
80,1.0,1.7441860465116292
80,1.25,4.883720930232556
80,1.5,23.906976744186053
80,1.75,33.883720930232556
80,2.0,0.023255813953483084
80,2.25,-6.441860465116278
80,2.5,29.395348837209298
80,2.75,39.95348837209302
80,3.0,-5.4883720930232585
80,3.25,-63.720930232558146
80,3.5,59.95348837209302
80,3.75,9.139534883720927
80,4.0,1449.6744186046512
80,4.25,542.4418604651163
80,4.5,125.65116279069767
80,4.75,76.16279069767441
80,5.0,20.5
80,5.25,8.813953488372093
80,5.5,9.209302325581396
80,5.75,-0.41463414634146334
80,6.0,0.17142857142857137
81,-0.5,183.64864864864865
81,-0.25,27.815789473684205
81,0.0,-18.94594594594595
81,0.25,31.684210526315788
81,0.5,12.84210526315789
81,0.75,17.351351351351354
81,1.0,-11.973684210526315
81,1.25,13.63157894736841
81,1.5,-21.243243243243256
81,1.75,-20.29729729729729
81,2.0,-16.763157894736835
81,2.25,-1.973684210526315
81,2.5,48.026315789473685
81,2.75,297.5
81,3.0,967.8157894736842
81,3.25,286.7631578947369
81,3.5,155.42105263157896
81,3.75,141.32432432432432
81,4.0,122.16216216216216
81,4.25,101.8157894736842
81,4.5,82.71052631578948
81,4.75,57.513513513513516
81,5.0,-18.86486486486487
81,5.25,28.28947368421052
81,5.5,-12.184210526315795
81,5.75,-64.0
81,6.0,102.65789473684211
82,-0.5,-36.34210526315789
82,-0.25,-21.184210526315795
82,0.0,-50.351351351351354
82,0.25,-14.648648648648646
82,0.5,21.62162162162162
82,0.75,-1.9729729729729684
82,1.0,2.0
82,1.25,-18.763157894736842
82,1.5,-47.578947368421055
82,1.75,3.6842105263157947
82,2.0,4.0
82,2.25,-29.60526315789474
82,2.5,-22.29729729729729
82,2.75,1090.6486486486488
82,3.0,591.921052631579
82,3.25,162.54054054054055
82,3.5,132.9189189189189
82,3.75,-28.0
82,4.0,-21.459459459459453
82,4.25,-33.54054054054055
82,4.5,-2.3513513513513544
82,4.75,14.08108108108108
82,5.0,26.108108108108105
82,5.25,8.91891891891892
82,5.5,19.81081081081081
82,5.75,7.72972972972973
82,6.0,7.594594594594593
83,-0.5,49.33333333333334
83,-0.25,23.0
83,0.0,3.4848484848484986
83,0.25,-0.27272727272726627
83,0.5,22.303030303030297
83,0.75,-9.666666666666671
83,1.0,13.606060606060609
83,1.25,8.969696969696969
83,1.5,9.060606060606062
83,1.75,36.39393939393939
83,2.0,45.333333333333336
83,2.25,7.727272727272734
83,2.5,-8.393939393939391
83,2.75,1095.6666666666667
83,3.0,1165.5454545454545
83,3.25,280.3636363636364
83,3.5,140.15151515151516
83,3.75,37.39393939393939
83,4.0,48.21212121212122
83,4.25,50.36363636363636
83,4.5,13.484848484848484
83,4.75,23.939393939393938
83,5.0,28.393939393939394
83,5.25,35.515151515151516
83,5.5,24.09090909090909
83,5.75,7.09375
83,6.0,1.6071428571428572
84,-0.5,16.4848484848485
84,-0.25,7.727272727272734
84,0.0,25.303030303030297
84,0.25,5.333333333333329
84,0.5,2.606060606060609
84,0.75,18.96969696969697
84,1.0,8.060606060606062
84,1.25,26.39393939393939
84,1.5,33.333333333333336
84,1.75,61.727272727272734
84,2.0,-13.393939393939391
84,2.25,48.66666666666667
84,2.5,888.5454545454545
84,2.75,1226.3636363636363
84,3.0,204.15151515151516
84,3.25,99.39393939393939
84,3.5,47.21212121212122
84,3.75,47.36363636363636
84,4.0,43.484848484848484
84,4.25,43.93939393939394
84,4.5,48.39393939393939
84,4.75,27.515151515151516
84,5.0,16.09090909090909
84,5.25,7.09375
84,5.5,0.6071428571428572
84,5.75,0.5517241379310345
84,6.0,0.07692307692307687
85,-0.5,61.65789473684211
85,-0.25,39.815789473684205
85,0.0,-29.351351351351354
85,0.25,-17.648648648648646
85,0.5,-3.378378378378379
85,0.75,34.02702702702703
85,1.0,2.0
85,1.25,28.236842105263158
85,1.5,-63.578947368421055
85,1.75,101.6842105263158
85,2.0,19.0
85,2.25,425.39473684210526
85,2.5,1030.7027027027027
85,2.75,617.6486486486486
85,3.0,245.92105263157896
85,3.25,71.54054054054055
85,3.5,81.91891891891892
85,3.75,-61.0
85,4.0,-10.459459459459453
85,4.25,-42.54054054054055
85,4.5,-19.351351351351354
85,4.75,10.08108108108108
85,5.0,-5.891891891891895
85,5.25,13.91891891891892
85,5.5,10.81081081081081
85,5.75,18.72972972972973
85,6.0,19.594594594594593
87,-0.5,-2.693877551020421
87,-0.25,39.897959183673464
87,0.0,42.9795918367347
87,0.25,17.0204081632653
87,0.5,36.53061224489795
87,0.75,40.55102040816327
87,1.0,33.95918367346938
87,1.25,19.34693877551021
87,1.5,10.693877551020407
87,1.75,39.44897959183673
87,2.0,13.816326530612244
87,2.25,-11.306122448979593
87,2.5,146.9591836734694
87,2.75,1052.9183673469388
87,3.0,1018.7551020408164
87,3.25,203.9795918367347
87,3.5,183.16326530612247
87,3.75,44.0
87,4.0,43.734693877551024
87,4.25,62.40816326530612
87,4.5,45.69387755102041
87,4.75,18.142857142857142
87,5.0,-23.285714285714285
87,5.25,2.63265306122449
87,5.5,4.571428571428571
87,5.75,1.816326530612245
87,6.0,0.6888888888888889
88,-0.5,23.51162790697674
88,-0.25,115.30232558139534
88,0.0,-3.2093023255814046
88,0.25,-5.209302325581405
88,0.5,-39.209302325581405
88,0.75,13.837209302325576
88,1.0,39.13953488372093
88,1.25,-2.465116279069761
88,1.5,24.74418604651163
88,1.75,49.883720930232556
88,2.0,64.90697674418605
88,2.25,55.883720930232556
88,2.5,1095.0232558139535
88,2.75,1107.5581395348838
88,3.0,300.3953488372093
88,3.25,143.95348837209303
88,3.5,131.51162790697674
88,3.75,-23.720930232558146
88,4.0,23.95348837209302
88,4.25,-48.86046511627907
88,4.5,-3.3255813953488342
88,4.75,16.441860465116278
88,5.0,5.651162790697676
88,5.25,22.162790697674417
88,5.5,-14.5
88,5.75,1.8139534883720927
88,6.0,13.209302325581396
89,-0.5,13.306122448979579
89,-0.25,56.897959183673464
89,0.0,-31.0204081632653
89,0.25,54.0204081632653
89,0.5,36.53061224489795
89,0.75,26.551020408163268
89,1.0,10.959183673469383
89,1.25,-0.6530612244897895
89,1.5,17.693877551020407
89,1.75,34.44897959183673
89,2.0,14.816326530612244
89,2.25,23.693877551020407
89,2.5,199.9591836734694
89,2.75,1175.9183673469388
89,3.0,947.7551020408164
89,3.25,190.9795918367347
89,3.5,128.16326530612247
89,3.75,36.0
89,4.0,37.734693877551024
89,4.25,42.40816326530612
89,4.5,28.693877551020407
89,4.75,6.142857142857142
89,5.0,-8.285714285714285
89,5.25,3.63265306122449
89,5.5,4.571428571428571
89,5.75,2.816326530612245
89,6.0,-1.3111111111111111
90,-0.5,73.65789473684211
90,-0.25,-45.184210526315795
90,0.0,57.648648648648646
90,0.25,5.351351351351354
90,0.5,-7.378378378378379
90,0.75,8.027027027027032
90,1.0,7.0
90,1.25,-22.763157894736842
90,1.5,-25.578947368421055
90,1.75,35.684210526315795
90,2.0,24.0
90,2.25,44.39473684210526
90,2.5,384.7027027027027
90,2.75,1182.6486486486488
90,3.0,500.92105263157896
90,3.25,97.54054054054055
90,3.5,71.91891891891892
90,3.75,-22.0
90,4.0,-33.45945945945945
90,4.25,-6.5405405405405475
90,4.5,-22.351351351351354
90,4.75,7.081081081081081
90,5.0,15.108108108108105
90,5.25,0.9189189189189193
90,5.5,25.81081081081081
90,5.75,3.72972972972973
90,6.0,6.594594594594593
91,-0.5,-20.69387755102042
91,-0.25,63.897959183673464
91,0.0,-1.0204081632653015
91,0.25,0.020408163265301482
91,0.5,23.530612244897952
91,0.75,-7.448979591836732
91,1.0,12.959183673469383
91,1.25,-27.65306122448979
91,1.5,64.6938775510204
91,1.75,5.448979591836732
91,2.0,32.816326530612244
91,2.25,86.6938775510204
91,2.5,856.9591836734694
91,2.75,1362.9183673469388
91,3.0,262.7551020408163
91,3.25,112.9795918367347
91,3.5,90.16326530612245
91,3.75,10.0
91,4.0,53.734693877551024
91,4.25,36.40816326530612
91,4.5,27.693877551020407
91,4.75,17.142857142857142
91,5.0,-21.285714285714285
91,5.25,12.63265306122449
91,5.5,9.571428571428571
91,5.75,0.8163265306122449
91,6.0,0.6888888888888889
92,-0.5,-28.48837209302326
92,-0.25,74.30232558139534
92,0.0,24.790697674418595
92,0.25,5.790697674418595
92,0.5,-27.209302325581405
92,0.75,16.837209302325576
92,1.0,-4.860465116279073
92,1.25,-0.46511627906976116
92,1.5,40.74418604651163
92,1.75,43.883720930232556
92,2.0,36.90697674418605
92,2.25,56.883720930232556
92,2.5,929.0232558139535
92,2.75,1425.5581395348838
92,3.0,295.3953488372093
92,3.25,164.95348837209303
92,3.5,89.51162790697674
92,3.75,15.279069767441854
92,4.0,20.95348837209302
92,4.25,-40.86046511627907
92,4.5,11.674418604651166
92,4.75,25.441860465116278
92,5.0,16.651162790697676
92,5.25,-3.837209302325583
92,5.5,-23.5
92,5.75,0.8139534883720927
92,6.0,0.20930232558139528
93,-0.5,28.75
93,-0.25,99.71153846153845
93,0.0,6.807692307692321
93,0.25,57.88461538461539
93,0.5,25.211538461538467
93,0.75,3.9423076923076934
93,1.0,18.92307692307692
93,1.25,10.557692307692307
93,1.5,42.05769230769231
93,1.75,18.92307692307692
93,2.0,30.42307692307692
93,2.25,394.3269230769231
93,2.5,1431.576923076923
93,2.75,791.9230769230769
93,3.0,95.30769230769232
93,3.25,63.15686274509804
93,3.5,109.40384615384616
93,3.75,48.480769230769226
93,4.0,-8.07692307692308
93,4.25,37.53846153846154
93,4.5,27.48076923076923
93,4.75,10.92156862745098
93,5.0,25.647058823529413
93,5.25,16.294117647058826
93,5.5,4.196078431372549
93,5.75,0.7777777777777777
93,6.0,-1.5319148936170213
94,-0.5,-28.94594594594595
94,-0.25,-14.315789473684212
94,0.0,-7.15789473684211
94,0.25,-5.648648648648646
94,0.5,25.026315789473685
94,0.75,-11.36842105263159
94,1.0,-7.243243243243256
94,1.25,30.70270270270271
94,1.5,22.236842105263165
94,1.75,35.026315789473685
94,2.0,15.026315789473685
94,2.25,77.5
94,2.5,1113.8157894736842
94,2.75,633.7631578947369
94,3.0,194.42105263157896
94,3.25,124.32432432432432
94,3.5,186.16216216216216
94,3.75,137.81578947368422
94,4.0,125.71052631578948
94,4.25,47.513513513513516
94,4.5,64.13513513513513
94,4.75,-18.71052631578948
94,5.0,41.815789473684205
94,5.25,3.0
94,5.5,-53.34210526315789
94,5.75,49.815789473684205
94,6.0,3.6486486486486456
95,-0.5,22.30612244897958
95,-0.25,37.897959183673464
95,0.0,34.9795918367347
95,0.25,14.020408163265301
95,0.5,17.530612244897952
95,0.75,38.55102040816327
95,1.0,14.959183673469383
95,1.25,22.34693877551021
95,1.5,20.693877551020407
95,1.75,11.448979591836732
95,2.0,12.816326530612244
95,2.25,158.69387755102042
95,2.5,839.9591836734694
95,2.75,1502.9183673469388
95,3.0,277.7551020408163
95,3.25,112.9795918367347
95,3.5,87.16326530612245
95,3.75,12.0
95,4.0,13.734693877551024
95,4.25,28.408163265306122
95,4.5,42.69387755102041
95,4.75,31.142857142857142
95,5.0,-20.285714285714285
95,5.25,10.63265306122449
95,5.5,8.571428571428571
95,5.75,-0.18367346938775508
95,6.0,-0.3111111111111111
96,-0.5,10.65789473684211
96,-0.25,-40.184210526315795
96,0.0,3.6486486486486456
96,0.25,-12.648648648648646
96,0.5,-22.37837837837838
96,0.75,15.027027027027032
96,1.0,-9.0
96,1.25,4.2368421052631575
96,1.5,-57.578947368421055
96,1.75,1.6842105263157947
96,2.0,4.0
96,2.25,36.39473684210526
96,2.5,118.70270270270271
96,2.75,1240.6486486486488
96,3.0,631.921052631579
96,3.25,188.54054054054055
96,3.5,95.91891891891892
96,3.75,-29.0
96,4.0,-54.45945945945945
96,4.25,-25.540540540540547
96,4.5,7.648648648648646
96,4.75,9.08108108108108
96,5.0,25.108108108108105
96,5.25,21.91891891891892
96,5.5,29.81081081081081
96,5.75,52.729729729729726
96,6.0,15.594594594594593
97,-0.5,90.75
97,-0.25,41.71153846153845
97,0.0,25.80769230769232
97,0.25,20.884615384615387
97,0.5,12.211538461538467
97,0.75,2.9423076923076934
97,1.0,7.92307692307692
97,1.25,11.557692307692307
97,1.5,17.057692307692307
97,1.75,11.92307692307692
97,2.0,14.42307692307692
97,2.25,32.32692307692308
97,2.5,204.5769230769231
97,2.75,1678.923076923077
97,3.0,483.3076923076923
97,3.25,36.15686274509804
97,3.5,76.40384615384616
97,3.75,34.480769230769226
97,4.0,-14.07692307692308
97,4.25,45.53846153846154
97,4.5,29.48076923076923
97,4.75,18.92156862745098
97,5.0,13.647058823529413
97,5.25,11.294117647058824
97,5.5,3.196078431372549
97,5.75,2.7777777777777777
97,6.0,1.4680851063829787
99,-0.5,-10.488372093023258
99,-0.25,3.302325581395337
99,0.0,1.7906976744185954
99,0.25,13.790697674418595
99,0.5,-4.209302325581405
99,0.75,-13.162790697674424
99,1.0,6.139534883720927
99,1.25,21.53488372093024
99,1.5,27.74418604651163
99,1.75,22.883720930232556
99,2.0,40.90697674418605
99,2.25,68.88372093023256
99,2.5,152.02325581395348
99,2.75,1476.5581395348838
99,3.0,586.3953488372093
99,3.25,176.95348837209303
99,3.5,102.51162790697674
99,3.75,21.279069767441854
99,4.0,-29.04651162790698
99,4.25,-34.86046511627907
99,4.5,-21.325581395348834
99,4.75,12.441860465116278
99,5.0,3.6511627906976756
99,5.25,-5.837209302325583
99,5.5,-18.5
99,5.75,-3.1860465116279073
99,6.0,0.20930232558139528
100,-0.5,-27.94594594594595
100,-0.25,5.684210526315788
100,0.0,-21.15789473684211
100,0.25,40.351351351351354
100,0.5,28.026315789473685
100,0.75,58.63157894736841
100,1.0,35.756756756756744
100,1.25,62.70270270270271
100,1.5,25.236842105263165
100,1.75,119.02631578947368
100,2.0,99.02631578947368
100,2.25,18.5
100,2.5,109.8157894736842
100,2.75,811.7631578947369
100,3.0,833.421052631579
100,3.25,266.3243243243243
100,3.5,143.16216216216216
100,3.75,114.8157894736842
100,4.0,105.71052631578948
100,4.25,55.513513513513516
100,4.5,9.13513513513513
100,4.75,8.28947368421052
100,5.0,-11.184210526315795
100,5.25,18.0
100,5.5,-46.34210526315789
100,5.75,-14.184210526315795
100,6.0,12.648648648648646
101,-0.5,-30.192307692307693
101,-0.25,-11.59615384615384
101,0.0,-17.07692307692308
101,0.25,-11.634615384615387
101,0.5,-3.92307692307692
101,0.75,-12.09615384615384
101,1.0,-4.884615384615387
101,1.25,6.192307692307693
101,1.5,-23.25
101,1.75,1.7307692307692264
101,2.0,20.153846153846153
101,2.25,86.84615384615384
101,2.5,233.48076923076923
101,2.75,1134.7884615384614
101,3.0,635.5384615384615
101,3.25,80.25
101,3.5,100.5576923076923
101,3.75,4.057692307692307
101,4.0,-74.92307692307693
101,4.25,-4.07692307692308
101,4.5,28.173076923076923
101,4.75,6.26923076923077
101,5.0,13.153846153846153
101,5.25,-15.75
101,5.5,-7.403846153846153
101,5.75,-0.18367346938775508
101,6.0,-0.2857142857142858
106,-0.5,8.511627906976742
106,-0.25,21.302325581395337
106,0.0,-40.209302325581405
106,0.25,-16.209302325581405
106,0.5,-21.209302325581405
106,0.75,-30.162790697674424
106,1.0,-24.860465116279073
106,1.25,-11.465116279069761
106,1.5,-5.255813953488371
106,1.75,22.883720930232556
106,2.0,28.906976744186053
106,2.25,250.88372093023256
106,2.5,1236.0232558139535
106,2.75,1162.5581395348838
106,3.0,172.3953488372093
106,3.25,87.95348837209302
106,3.5,43.51162790697674
106,3.75,-17.720930232558146
106,4.0,-23.04651162790698
106,4.25,-76.86046511627907
106,4.5,-12.325581395348834
106,4.75,2.441860465116278
106,5.0,-11.348837209302324
106,5.25,-10.837209302325583
106,5.5,-22.5
106,5.75,-0.1860465116279073
106,6.0,-0.7906976744186047
107,-0.5,31.30612244897958
107,-0.25,13.897959183673464
107,0.0,41.9795918367347
107,0.25,22.0204081632653
107,0.5,14.530612244897952
107,0.75,-13.448979591836732
107,1.0,-0.040816326530617175
107,1.25,-16.65306122448979
107,1.5,31.693877551020407
107,1.75,10.448979591836732
107,2.0,-18.183673469387756
107,2.25,95.6938775510204
107,2.5,780.9591836734694
107,2.75,1563.9183673469388
107,3.0,359.7551020408163
107,3.25,124.9795918367347
107,3.5,77.16326530612245
107,3.75,5.0
107,4.0,-2.265306122448976
107,4.25,31.408163265306122
107,4.5,18.693877551020407
107,4.75,-2.8571428571428577
107,5.0,-22.285714285714285
107,5.25,2.63265306122449
107,5.5,8.571428571428571
107,5.75,-0.18367346938775508
107,6.0,0.6888888888888889
108,-0.5,16.51162790697674
108,-0.25,39.30232558139534
108,0.0,22.790697674418595
108,0.25,8.790697674418595
108,0.5,6.790697674418595
108,0.75,-5.162790697674424
108,1.0,-3.860465116279073
108,1.25,-3.465116279069761
108,1.5,2.7441860465116292
108,1.75,29.883720930232556
108,2.0,35.90697674418605
108,2.25,90.88372093023256
108,2.5,625.0232558139535
108,2.75,1572.5581395348838
108,3.0,341.3953488372093
108,3.25,122.95348837209302
108,3.5,93.51162790697674
108,3.75,-19.720930232558146
108,4.0,-0.04651162790698038
108,4.25,-71.86046511627907
108,4.5,-14.325581395348834
108,4.75,16.441860465116278
108,5.0,12.651162790697676
108,5.25,-0.8372093023255829
108,5.5,-19.5
108,5.75,0.8139534883720927
108,6.0,0.20930232558139528
109,-0.5,-56.34210526315789
109,-0.25,-22.184210526315795
109,0.0,-2.3513513513513544
109,0.25,8.351351351351354
109,0.5,-5.378378378378379
109,0.75,-42.97297297297297
109,1.0,-1.0
109,1.25,-7.7631578947368425
109,1.5,-47.578947368421055
109,1.75,-22.315789473684205
109,2.0,30.0
109,2.25,18.39473684210526
109,2.5,621.7027027027027
109,2.75,1154.6486486486488
109,3.0,284.92105263157896
109,3.25,93.54054054054055
109,3.5,74.91891891891892
109,3.75,-97.0
109,4.0,-49.45945945945945
109,4.25,-59.54054054054055
109,4.5,-29.351351351351354
109,4.75,-4.918918918918919
109,5.0,0.10810810810810523
109,5.25,-7.081081081081081
109,5.5,10.81081081081081
109,5.75,6.72972972972973
109,6.0,4.594594594594593
110,-0.5,-58.34210526315789
110,-0.25,-11.184210526315795
110,0.0,-25.351351351351354
110,0.25,26.351351351351354
110,0.5,-21.37837837837838
110,0.75,-2.9729729729729684
110,1.0,-1.0
110,1.25,-16.763157894736842
110,1.5,-24.578947368421055
110,1.75,-31.315789473684205
110,2.0,-22.0
110,2.25,24.39473684210526
110,2.5,1040.7027027027027
110,2.75,916.6486486486486
110,3.0,202.92105263157896
110,3.25,46.54054054054055
110,3.5,61.91891891891892
110,3.75,-56.0
110,4.0,-41.45945945945945
110,4.25,-29.540540540540547
110,4.5,-12.351351351351354
110,4.75,1.0810810810810807
110,5.0,14.108108108108105
110,5.25,-20.08108108108108
110,5.5,8.81081081081081
110,5.75,21.72972972972973
110,6.0,5.594594594594593
111,-0.5,-24.34210526315789
111,-0.25,-21.184210526315795
111,0.0,-10.351351351351354
111,0.25,8.351351351351354
111,0.5,-18.37837837837838
111,0.75,-15.972972972972968
111,1.0,6.0
111,1.25,-3.7631578947368425
111,1.5,-27.578947368421055
111,1.75,-17.315789473684205
111,2.0,-29.0
111,2.25,10.39473684210526
111,2.5,19.70270270270271
111,2.75,1109.6486486486488
111,3.0,687.921052631579
111,3.25,112.54054054054055
111,3.5,54.91891891891892
111,3.75,-63.0
111,4.0,-55.45945945945945
111,4.25,-37.54054054054055
111,4.5,-27.351351351351354
111,4.75,-1.9189189189189193
111,5.0,12.108108108108105
111,5.25,13.91891891891892
111,5.5,16.81081081081081
111,5.75,23.72972972972973
111,6.0,15.594594594594593
112,-0.5,-61.07692307692308
112,-0.25,46.36538461538461
112,0.0,-8.92307692307692
112,0.25,-23.09615384615384
112,0.5,-15.884615384615387
112,0.75,-21.807692307692307
112,1.0,-2.25
112,1.25,-38.269230769230774
112,1.5,7.153846153846153
112,1.75,-2.1538461538461533
112,2.0,10.480769230769234
112,2.25,-4.211538461538467
112,2.5,108.53846153846153
112,2.75,943.25
112,3.0,1369.5576923076924
112,3.25,194.05769230769232
112,3.5,21.076923076923066
112,3.75,39.92307692307692
112,4.0,80.17307692307692
112,4.25,52.269230769230774
112,4.5,44.15384615384615
112,4.75,3.25
112,5.0,-4.403846153846153
112,5.25,8.816326530612244
112,5.5,3.7142857142857144
112,5.75,3.3
112,6.0,0.8571428571428572
